Workbook

Sheet Lisez-moi
A1: Tableau de bord des indicateurs : Académie Informatique
A2: Données de simulation (fictives) issues de data/simulation-progression.csv
A4: Sujet | B4: Explication
A5: À quoi sert ce fichier ? | B5: Il montre cinq indicateurs de suivi de l'apprentissage : la complétion des pôles, les heures d'apprentissage, les scores au quiz final, la part des quiz réussis, et la réussite aux exercices.
A6: Comment le lire ? | B6: Commencez par les onglets « 1 - Complétion pôles », puis « 6 - Score quiz » et « 7 - Quiz réussis ». Les onglets « 2 - Heures » et « 8 - Exercices » expliquent pourquoi ces chiffres ne peuvent pas encore être calculés.
A7: Comment les chiffres se mettent à jour ? | B7: Les chiffres sont calculés à partir de l'onglet « Données nettoyées ». Si vous modifiez une ligne de cet onglet, tous les autres onglets se recalculent seuls.
A8: Règle 1 : doublon | B8: Quand un même apprenant a deux lignes pour le même pôle et le même niveau, on garde la plus récente.
A9: Règle 2 : quiz à 125/100 | B9: Un score supérieur à 100 est impossible. Cette ligne est écartée (voir l'onglet « Données nettoyées », en bas).
A10: Règle 3 : quiz à 0 | B10: Un quiz à 0 est considéré comme non passé. Il n'entre donc pas dans les moyennes.
A11: Règle 4 : quiz réussi | B11: Un quiz est réussi à partir de 75/100, soit 15/20. C'est le seuil qui débloque le niveau suivant.
A12: Limite des données | B12: Ce sont des données de simulation. Elles ne sont pas des résultats réels d'apprenants.
A13: Indicateurs non calculables | B13: Les visites du site ne sont pas comptées : le site garde la progression dans le navigateur uniquement.
A15: Indicateurs suivis
A16: Indicateur | B16: Statut
A17: 1 - Taux de complétion par pôle | B17: Calculé
A18: 2 - Heures d'apprentissage par semaine | B18: Non calculable : aucun temps n'est enregistré
A19: 6 - Score moyen au quiz final | B19: Calculé
A20: 7 - Part des quiz réussis (75/100 ou plus) | B20: Calculé
A21: 8 - Taux de réussite aux exercices | B21: Non calculable : pas de note par exercice

Sheet 1 - Complétion pôles
A1: Indicateur 1 : taux de complétion par pôle
A2: Taux = parcours terminés ÷ apprenants. Un pôle est un langage (JavaScript, Python, SQL).
A4: Pôle | B4: Apprenants | C4: Parcours terminés | D4: Taux de complétion
A5: JavaScript | B5: =COUNTIF('Données nettoyées'!$B$5:$B$23,A5) -> 7 | C5: =COUNTIFS('Données nettoyées'!$B$5:$B$23,A5,'Données nettoyées'!$D$5:$D$23,"Terminé") -> 4 | D5: =IFERROR(C5/B5,"–") -> 0.57142857
A6: Python | B6: =COUNTIF('Données nettoyées'!$B$5:$B$23,A6) -> 7 | C6: =COUNTIFS('Données nettoyées'!$B$5:$B$23,A6,'Données nettoyées'!$D$5:$D$23,"Terminé") -> 2 | D6: =IFERROR(C6/B6,"–") -> 0.28571429
A7: SQL | B7: =COUNTIF('Données nettoyées'!$B$5:$B$23,A7) -> 5 | C7: =COUNTIFS('Données nettoyées'!$B$5:$B$23,A7,'Données nettoyées'!$D$5:$D$23,"Terminé") -> 0 | D7: =IFERROR(C7/B7,"–") -> 0
A8: Total | B8: =SUM(B5:B7) -> 19 | C8: =SUM(C5:C7) -> 6 | D8: =IFERROR(C8/B8,"–") -> 0.31578947
A10: Détail par niveau
A11: Pôle | B11: Niveau | C11: Apprenants | D11: Terminés | E11: En cours | F11: En pause | G11: Taux de complétion
A12: JavaScript | B12: Débutant | C12: =COUNTIFS('Données nettoyées'!$B$5:$B$23,A12,'Données nettoyées'!$C$5:$C$23,B12) -> 4 | D12: =COUNTIFS('Données nettoyées'!$B$5:$B$23,A12,'Données nettoyées'!$C$5:$C$23,B12,'Données nettoyées'!$D$5:$D$23,"Terminé") -> 2 | E12: =COUNTIFS('Données nettoyées'!$B$5:$B$23,A12,'Données nettoyées'!$C$5:$C$23,B12,'Données nettoyées'!$D$5:$D$23,"En cours") -> 1 | F12: =COUNTIFS('Données nettoyées'!$B$5:$B$23,A12,'Données nettoyées'!$C$5:$C$23,B12,'Données nettoyées'!$D$5:$D$23,"En pause") -> 1 | G12: =IFERROR(D12/C12,"Aucun apprenant") -> 0.5
A13: JavaScript | B13: Intermédiaire | C13: =COUNTIFS('Données nettoyées'!$B$5:$B$23,A13,'Données nettoyées'!$C$5:$C$23,B13) -> 2 | D13: =COUNTIFS('Données nettoyées'!$B$5:$B$23,A13,'Données nettoyées'!$C$5:$C$23,B13,'Données nettoyées'!$D$5:$D$23,"Terminé") -> 1 | E13: =COUNTIFS('Données nettoyées'!$B$5:$B$23,A13,'Données nettoyées'!$C$5:$C$23,B13,'Données nettoyées'!$D$5:$D$23,"En cours") -> 1 | F13: =COUNTIFS('Données nettoyées'!$B$5:$B$23,A13,'Données nettoyées'!$C$5:$C$23,B13,'Données nettoyées'!$D$5:$D$23,"En pause") -> 0 | G13: =IFERROR(D13/C13,"Aucun apprenant") -> 0.5
A14: JavaScript | B14: Avancé | C14: =COUNTIFS('Données nettoyées'!$B$5:$B$23,A14,'Données nettoyées'!$C$5:$C$23,B14) -> 1 | D14: =COUNTIFS('Données nettoyées'!$B$5:$B$23,A14,'Données nettoyées'!$C$5:$C$23,B14,'Données nettoyées'!$D$5:$D$23,"Terminé") -> 1 | E14: =COUNTIFS('Données nettoyées'!$B$5:$B$23,A14,'Données nettoyées'!$C$5:$C$23,B14,'Données nettoyées'!$D$5:$D$23,"En cours") -> 0 | F14: =COUNTIFS('Données nettoyées'!$B$5:$B$23,A14,'Données nettoyées'!$C$5:$C$23,B14,'Données nettoyées'!$D$5:$D$23,"En pause") -> 0 | G14: =IFERROR(D14/C14,"Aucun apprenant") -> 1
A15: Python | B15: Débutant | C15: =COUNTIFS('Données nettoyées'!$B$5:$B$23,A15,'Données nettoyées'!$C$5:$C$23,B15) -> 3 | D15: =COUNTIFS('Données nettoyées'!$B$5:$B$23,A15,'Données nettoyées'!$C$5:$C$23,B15,'Données nettoyées'!$D$5:$D$23,"Terminé") -> 2 | E15: =COUNTIFS('Données nettoyées'!$B$5:$B$23,A15,'Données nettoyées'!$C$5:$C$23,B15,'Données nettoyées'!$D$5:$D$23,"En cours") -> 1 | F15: =COUNTIFS('Données nettoyées'!$B$5:$B$23,A15,'Données nettoyées'!$C$5:$C$23,B15,'Données nettoyées'!$D$5:$D$23,"En pause") -> 0 | G15: =IFERROR(D15/C15,"Aucun apprenant") -> 0.66666667
A16: Python | B16: Intermédiaire | C16: =COUNTIFS('Données nettoyées'!$B$5:$B$23,A16,'Données nettoyées'!$C$5:$C$23,B16) -> 3 | D16: =COUNTIFS('Données nettoyées'!$B$5:$B$23,A16,'Données nettoyées'!$C$5:$C$23,B16,'Données nettoyées'!$D$5:$D$23,"Terminé") -> 0 | E16: =COUNTIFS('Données nettoyées'!$B$5:$B$23,A16,'Données nettoyées'!$C$5:$C$23,B16,'Données nettoyées'!$D$5:$D$23,"En cours") -> 3 | F16: =COUNTIFS('Données nettoyées'!$B$5:$B$23,A16,'Données nettoyées'!$C$5:$C$23,B16,'Données nettoyées'!$D$5:$D$23,"En pause") -> 0 | G16: =IFERROR(D16/C16,"Aucun apprenant") -> 0
A17: Python | B17: Avancé | C17: =COUNTIFS('Données nettoyées'!$B$5:$B$23,A17,'Données nettoyées'!$C$5:$C$23,B17) -> 1 | D17: =COUNTIFS('Données nettoyées'!$B$5:$B$23,A17,'Données nettoyées'!$C$5:$C$23,B17,'Données nettoyées'!$D$5:$D$23,"Terminé") -> 0 | E17: =COUNTIFS('Données nettoyées'!$B$5:$B$23,A17,'Données nettoyées'!$C$5:$C$23,B17,'Données nettoyées'!$D$5:$D$23,"En cours") -> 1 | F17: =COUNTIFS('Données nettoyées'!$B$5:$B$23,A17,'Données nettoyées'!$C$5:$C$23,B17,'Données nettoyées'!$D$5:$D$23,"En pause") -> 0 | G17: =IFERROR(D17/C17,"Aucun apprenant") -> 0
A18: SQL | B18: Débutant | C18: =COUNTIFS('Données nettoyées'!$B$5:$B$23,A18,'Données nettoyées'!$C$5:$C$23,B18) -> 3 | D18: =COUNTIFS('Données nettoyées'!$B$5:$B$23,A18,'Données nettoyées'!$C$5:$C$23,B18,'Données nettoyées'!$D$5:$D$23,"Terminé") -> 0 | E18: =COUNTIFS('Données nettoyées'!$B$5:$B$23,A18,'Données nettoyées'!$C$5:$C$23,B18,'Données nettoyées'!$D$5:$D$23,"En cours") -> 1 | F18: =COUNTIFS('Données nettoyées'!$B$5:$B$23,A18,'Données nettoyées'!$C$5:$C$23,B18,'Données nettoyées'!$D$5:$D$23,"En pause") -> 2 | G18: =IFERROR(D18/C18,"Aucun apprenant") -> 0
A19: SQL | B19: Intermédiaire | C19: =COUNTIFS('Données nettoyées'!$B$5:$B$23,A19,'Données nettoyées'!$C$5:$C$23,B19) -> 2 | D19: =COUNTIFS('Données nettoyées'!$B$5:$B$23,A19,'Données nettoyées'!$C$5:$C$23,B19,'Données nettoyées'!$D$5:$D$23,"Terminé") -> 0 | E19: =COUNTIFS('Données nettoyées'!$B$5:$B$23,A19,'Données nettoyées'!$C$5:$C$23,B19,'Données nettoyées'!$D$5:$D$23,"En cours") -> 2 | F19: =COUNTIFS('Données nettoyées'!$B$5:$B$23,A19,'Données nettoyées'!$C$5:$C$23,B19,'Données nettoyées'!$D$5:$D$23,"En pause") -> 0 | G19: =IFERROR(D19/C19,"Aucun apprenant") -> 0
A20: SQL | B20: Avancé | C20: =COUNTIFS('Données nettoyées'!$B$5:$B$23,A20,'Données nettoyées'!$C$5:$C$23,B20) -> 0 | D20: =COUNTIFS('Données nettoyées'!$B$5:$B$23,A20,'Données nettoyées'!$C$5:$C$23,B20,'Données nettoyées'!$D$5:$D$23,"Terminé") -> 0 | E20: =COUNTIFS('Données nettoyées'!$B$5:$B$23,A20,'Données nettoyées'!$C$5:$C$23,B20,'Données nettoyées'!$D$5:$D$23,"En cours") -> 0 | F20: =COUNTIFS('Données nettoyées'!$B$5:$B$23,A20,'Données nettoyées'!$C$5:$C$23,B20,'Données nettoyées'!$D$5:$D$23,"En pause") -> 0 | G20: =IFERROR(D20/C20,"Aucun apprenant") -> Aucun apprenant
A22: Lecture : « Aucun apprenant » veut dire qu'aucune ligne de données n'existe pour ce pôle et ce niveau.

Sheet 2 - Heures
A1: Indicateur 2 : heures d'apprentissage par semaine
A2: Cible du cahier des charges : au moins 2 h par semaine, idéalement 4 h.
A4: Élément | B4: Contenu
A5: Valeur actuelle | B5: Non calculable
A6: Pourquoi ? | B6: Le site n'enregistre ni la date ni la durée de chaque visite. On ne sait donc pas combien de temps une personne passe sur les leçons.
A7: Donnée à ajouter | B7: Une ligne par session : date, heure de début, heure de fin, pôle et niveau.
A8: Calcul prévu une fois la donnée disponible | B8: Heures par semaine = total des durées de session de la semaine ÷ nombre d'apprenants.
A9: Cible | B9: 2 h par semaine minimum, 4 h visées.

Sheet 6 - Score quiz
A1: Indicateur 6 : score moyen au quiz final (sur 100)
A2: Seuls les quiz passés sont comptés. Seuil de passage : 75/100 (15/20).
A4: Pôle | B4: Niveau | C4: Quiz passés | D4: Score moyen (/100)
A5: JavaScript | B5: Débutant | C5: =COUNTIFS('Données nettoyées'!$B$5:$B$23,A5,'Données nettoyées'!$C$5:$C$23,B5,'Données nettoyées'!$F$5:$F$23,"Oui") -> 4 | D5: =IFERROR(AVERAGEIFS('Données nettoyées'!$E$5:$E$23,'Données nettoyées'!$B$5:$B$23,A5,'Données nettoyées'!$C$5:$C$23,B5,'Données nettoyées'!$F$5:$F$23,"Oui"),"Aucun quiz passé") -> 77.5
A6: JavaScript | B6: Intermédiaire | C6: =COUNTIFS('Données nettoyées'!$B$5:$B$23,A6,'Données nettoyées'!$C$5:$C$23,B6,'Données nettoyées'!$F$5:$F$23,"Oui") -> 2 | D6: =IFERROR(AVERAGEIFS('Données nettoyées'!$E$5:$E$23,'Données nettoyées'!$B$5:$B$23,A6,'Données nettoyées'!$C$5:$C$23,B6,'Données nettoyées'!$F$5:$F$23,"Oui"),"Aucun quiz passé") -> 86
A7: JavaScript | B7: Avancé | C7: =COUNTIFS('Données nettoyées'!$B$5:$B$23,A7,'Données nettoyées'!$C$5:$C$23,B7,'Données nettoyées'!$F$5:$F$23,"Oui") -> 1 | D7: =IFERROR(AVERAGEIFS('Données nettoyées'!$E$5:$E$23,'Données nettoyées'!$B$5:$B$23,A7,'Données nettoyées'!$C$5:$C$23,B7,'Données nettoyées'!$F$5:$F$23,"Oui"),"Aucun quiz passé") -> 86
A8: Python | B8: Débutant | C8: =COUNTIFS('Données nettoyées'!$B$5:$B$23,A8,'Données nettoyées'!$C$5:$C$23,B8,'Données nettoyées'!$F$5:$F$23,"Oui") -> 3 | D8: =IFERROR(AVERAGEIFS('Données nettoyées'!$E$5:$E$23,'Données nettoyées'!$B$5:$B$23,A8,'Données nettoyées'!$C$5:$C$23,B8,'Données nettoyées'!$F$5:$F$23,"Oui"),"Aucun quiz passé") -> 76
A9: Python | B9: Intermédiaire | C9: =COUNTIFS('Données nettoyées'!$B$5:$B$23,A9,'Données nettoyées'!$C$5:$C$23,B9,'Données nettoyées'!$F$5:$F$23,"Oui") -> 1 | D9: =IFERROR(AVERAGEIFS('Données nettoyées'!$E$5:$E$23,'Données nettoyées'!$B$5:$B$23,A9,'Données nettoyées'!$C$5:$C$23,B9,'Données nettoyées'!$F$5:$F$23,"Oui"),"Aucun quiz passé") -> 81
A10: Python | B10: Avancé | C10: =COUNTIFS('Données nettoyées'!$B$5:$B$23,A10,'Données nettoyées'!$C$5:$C$23,B10,'Données nettoyées'!$F$5:$F$23,"Oui") -> 1 | D10: =IFERROR(AVERAGEIFS('Données nettoyées'!$E$5:$E$23,'Données nettoyées'!$B$5:$B$23,A10,'Données nettoyées'!$C$5:$C$23,B10,'Données nettoyées'!$F$5:$F$23,"Oui"),"Aucun quiz passé") -> 91
A11: SQL | B11: Débutant | C11: =COUNTIFS('Données nettoyées'!$B$5:$B$23,A11,'Données nettoyées'!$C$5:$C$23,B11,'Données nettoyées'!$F$5:$F$23,"Oui") -> 3 | D11: =IFERROR(AVERAGEIFS('Données nettoyées'!$E$5:$E$23,'Données nettoyées'!$B$5:$B$23,A11,'Données nettoyées'!$C$5:$C$23,B11,'Données nettoyées'!$F$5:$F$23,"Oui"),"Aucun quiz passé") -> 65
A12: SQL | B12: Intermédiaire | C12: =COUNTIFS('Données nettoyées'!$B$5:$B$23,A12,'Données nettoyées'!$C$5:$C$23,B12,'Données nettoyées'!$F$5:$F$23,"Oui") -> 2 | D12: =IFERROR(AVERAGEIFS('Données nettoyées'!$E$5:$E$23,'Données nettoyées'!$B$5:$B$23,A12,'Données nettoyées'!$C$5:$C$23,B12,'Données nettoyées'!$F$5:$F$23,"Oui"),"Aucun quiz passé") -> 90.5
A13: SQL | B13: Avancé | C13: =COUNTIFS('Données nettoyées'!$B$5:$B$23,A13,'Données nettoyées'!$C$5:$C$23,B13,'Données nettoyées'!$F$5:$F$23,"Oui") -> 0 | D13: =IFERROR(AVERAGEIFS('Données nettoyées'!$E$5:$E$23,'Données nettoyées'!$B$5:$B$23,A13,'Données nettoyées'!$C$5:$C$23,B13,'Données nettoyées'!$F$5:$F$23,"Oui"),"Aucun quiz passé") -> Aucun quiz passé
A14: Tous pôles | C14: =COUNTIF('Données nettoyées'!$F$5:$F$23,"Oui") -> 17 | D14: =IFERROR(AVERAGEIF('Données nettoyées'!$F$5:$F$23,"Oui",'Données nettoyées'!$E$5:$E$23),"–") -> 79.058824
A16: Lecture : un quiz à 0 (non passé) et le score 125 (impossible) ne sont pas comptés.

Sheet 7 - Quiz réussis
A1: Indicateur 7 : part des quiz réussis
A2: Un quiz est réussi à partir de 75/100. Ce seuil débloque le niveau suivant.
A4: Pôle | B4: Niveau | C4: Quiz passés | D4: Quiz réussis | E4: Part réussie
A5: JavaScript | B5: Débutant | C5: =COUNTIFS('Données nettoyées'!$B$5:$B$23,A5,'Données nettoyées'!$C$5:$C$23,B5,'Données nettoyées'!$F$5:$F$23,"Oui") -> 4 | D5: =COUNTIFS('Données nettoyées'!$B$5:$B$23,A5,'Données nettoyées'!$C$5:$C$23,B5,'Données nettoyées'!$G$5:$G$23,"Oui") -> 3 | E5: =IFERROR(D5/C5,"Aucun quiz passé") -> 0.75
A6: JavaScript | B6: Intermédiaire | C6: =COUNTIFS('Données nettoyées'!$B$5:$B$23,A6,'Données nettoyées'!$C$5:$C$23,B6,'Données nettoyées'!$F$5:$F$23,"Oui") -> 2 | D6: =COUNTIFS('Données nettoyées'!$B$5:$B$23,A6,'Données nettoyées'!$C$5:$C$23,B6,'Données nettoyées'!$G$5:$G$23,"Oui") -> 2 | E6: =IFERROR(D6/C6,"Aucun quiz passé") -> 1
A7: JavaScript | B7: Avancé | C7: =COUNTIFS('Données nettoyées'!$B$5:$B$23,A7,'Données nettoyées'!$C$5:$C$23,B7,'Données nettoyées'!$F$5:$F$23,"Oui") -> 1 | D7: =COUNTIFS('Données nettoyées'!$B$5:$B$23,A7,'Données nettoyées'!$C$5:$C$23,B7,'Données nettoyées'!$G$5:$G$23,"Oui") -> 1 | E7: =IFERROR(D7/C7,"Aucun quiz passé") -> 1
A8: Python | B8: Débutant | C8: =COUNTIFS('Données nettoyées'!$B$5:$B$23,A8,'Données nettoyées'!$C$5:$C$23,B8,'Données nettoyées'!$F$5:$F$23,"Oui") -> 3 | D8: =COUNTIFS('Données nettoyées'!$B$5:$B$23,A8,'Données nettoyées'!$C$5:$C$23,B8,'Données nettoyées'!$G$5:$G$23,"Oui") -> 2 | E8: =IFERROR(D8/C8,"Aucun quiz passé") -> 0.66666667
A9: Python | B9: Intermédiaire | C9: =COUNTIFS('Données nettoyées'!$B$5:$B$23,A9,'Données nettoyées'!$C$5:$C$23,B9,'Données nettoyées'!$F$5:$F$23,"Oui") -> 1 | D9: =COUNTIFS('Données nettoyées'!$B$5:$B$23,A9,'Données nettoyées'!$C$5:$C$23,B9,'Données nettoyées'!$G$5:$G$23,"Oui") -> 1 | E9: =IFERROR(D9/C9,"Aucun quiz passé") -> 1
A10: Python | B10: Avancé | C10: =COUNTIFS('Données nettoyées'!$B$5:$B$23,A10,'Données nettoyées'!$C$5:$C$23,B10,'Données nettoyées'!$F$5:$F$23,"Oui") -> 1 | D10: =COUNTIFS('Données nettoyées'!$B$5:$B$23,A10,'Données nettoyées'!$C$5:$C$23,B10,'Données nettoyées'!$G$5:$G$23,"Oui") -> 1 | E10: =IFERROR(D10/C10,"Aucun quiz passé") -> 1
A11: SQL | B11: Débutant | C11: =COUNTIFS('Données nettoyées'!$B$5:$B$23,A11,'Données nettoyées'!$C$5:$C$23,B11,'Données nettoyées'!$F$5:$F$23,"Oui") -> 3 | D11: =COUNTIFS('Données nettoyées'!$B$5:$B$23,A11,'Données nettoyées'!$C$5:$C$23,B11,'Données nettoyées'!$G$5:$G$23,"Oui") -> 0 | E11: =IFERROR(D11/C11,"Aucun quiz passé") -> 0
A12: SQL | B12: Intermédiaire | C12: =COUNTIFS('Données nettoyées'!$B$5:$B$23,A12,'Données nettoyées'!$C$5:$C$23,B12,'Données nettoyées'!$F$5:$F$23,"Oui") -> 2 | D12: =COUNTIFS('Données nettoyées'!$B$5:$B$23,A12,'Données nettoyées'!$C$5:$C$23,B12,'Données nettoyées'!$G$5:$G$23,"Oui") -> 2 | E12: =IFERROR(D12/C12,"Aucun quiz passé") -> 1
A13: SQL | B13: Avancé | C13: =COUNTIFS('Données nettoyées'!$B$5:$B$23,A13,'Données nettoyées'!$C$5:$C$23,B13,'Données nettoyées'!$F$5:$F$23,"Oui") -> 0 | D13: =COUNTIFS('Données nettoyées'!$B$5:$B$23,A13,'Données nettoyées'!$C$5:$C$23,B13,'Données nettoyées'!$G$5:$G$23,"Oui") -> 0 | E13: =IFERROR(D13/C13,"Aucun quiz passé") -> Aucun quiz passé
A14: Tous pôles | C14: =COUNTIF('Données nettoyées'!$F$5:$F$23,"Oui") -> 17 | D14: =COUNTIF('Données nettoyées'!$G$5:$G$23,"Oui") -> 12 | E14: =IFERROR(D14/C14,"–") -> 0.70588235

Sheet 8 - Exercices
A1: Indicateur 8 : taux de réussite aux exercices
A2: Cible du cahier des charges : réussir au moins 15 exercices sur 20 par leçon.
A4: Élément | B4: Contenu
A5: Valeur actuelle | B5: Non calculable
A6: Pourquoi ? | B6: On connaît le nombre d'exercices faits, mais pas la note obtenue à chaque exercice. Impossible donc de savoir lesquels sont réussis.
A7: Donnée à ajouter | B7: Une ligne par exercice fait : apprenant, leçon, exercice, réussi ou non (oui/non).
A8: Calcul prévu une fois la donnée disponible | B8: Taux de réussite = exercices réussis ÷ exercices faits, par leçon et par pôle.
A9: Ce qui est déjà disponible | B9: Le nombre d'exercices réalisés par apprenant (colonne « Exercices réalisés » de l'onglet « Données nettoyées »).

Sheet Données nettoyées
A1: Données nettoyées : une ligne par apprenant, par pôle et par niveau
A2: Les colonnes « Quiz passé » et « Quiz réussi » se calculent toutes seules.
A4: Apprenant | B4: Pôle | C4: Niveau | D4: Statut | E4: Note quiz (/100) | F4: Quiz passé | G4: Quiz réussi (75 ou plus) | H4: Leçons terminées | I4: Exercices réalisés | J4: Dernière visite | K4: Remarque
A5: U_001 | B5: JavaScript | C5: Débutant | D5: Terminé | E5: 82 | F5: =IF(E5>0,"Oui","Non") -> Oui | G5: =IF(AND(F5="Oui",E5>=75),"Oui","Non") -> Oui | H5: 7 | I5: 15 | J5: 2026-10-05
A6: U_002 | B6: Python | C6: Intermédiaire | D6: En cours | E6: 0 | F6: =IF(E6>0,"Oui","Non") -> Non | G6: =IF(AND(F6="Oui",E6>=75),"Oui","Non") -> Non | H6: 4 | I6: 9 | J6: 2026-10-04 | K6: Quiz à 0 : considéré comme non passé
A7: U_003 | B7: SQL | C7: Débutant | D7: En pause | E7: 65 | F7: =IF(E7>0,"Oui","Non") -> Oui | G7: =IF(AND(F7="Oui",E7>=75),"Oui","Non") -> Non | H7: 3 | I7: 6 | J7: 2026-09-28
A8: U_004 | B8: JavaScript | C8: Intermédiaire | D8: En cours | E8: 88 | F8: =IF(E8>0,"Oui","Non") -> Oui | G8: =IF(AND(F8="Oui",E8>=75),"Oui","Non") -> Oui | H8: 5 | I8: 12 | J8: 2026-10-05
A9: U_005 | B9: Python | C9: Débutant | D9: Terminé | E9: 75 | F9: =IF(E9>0,"Oui","Non") -> Oui | G9: =IF(AND(F9="Oui",E9>=75),"Oui","Non") -> Oui | H9: 8 | I9: 18 | J9: 2026-10-03
A10: U_006 | B10: SQL | C10: Intermédiaire | D10: En cours | E10: 92 | F10: =IF(E10>0,"Oui","Non") -> Oui | G10: =IF(AND(F10="Oui",E10>=75),"Oui","Non") -> Oui | H10: 6 | I10: 14 | J10: 2026-10-02
A11: U_001 | B11: Python | C11: Débutant | D11: Terminé | E11: 85 | F11: =IF(E11>0,"Oui","Non") -> Oui | G11: =IF(AND(F11="Oui",E11>=75),"Oui","Non") -> Oui | H11: 9 | I11: 20 | J11: 2026-10-04
A12: U_003 | B12: Python | C12: Intermédiaire | D12: En cours | E12: 0 | F12: =IF(E12>0,"Oui","Non") -> Non | G12: =IF(AND(F12="Oui",E12>=75),"Oui","Non") -> Non | H12: 0 | I12: 0 | J12: 2026-10-05 | K12: Quiz à 0 et 0 leçon : données incohérentes
A13: U_004 | B13: SQL | C13: Débutant | D13: En pause | E13: 72 | F13: =IF(E13>0,"Oui","Non") -> Oui | G13: =IF(AND(F13="Oui",E13>=75),"Oui","Non") -> Non | H13: 4 | I13: 8 | J13: 2026-09-30
A14: U_005 | B14: JavaScript | C14: Débutant | D14: En cours | E14: 79 | F14: =IF(E14>0,"Oui","Non") -> Oui | G14: =IF(AND(F14="Oui",E14>=75),"Oui","Non") -> Oui | H14: 6 | I14: 14 | J14: 2026-10-03
A15: U_006 | B15: Python | C15: Intermédiaire | D15: En cours | E15: 81 | F15: =IF(E15>0,"Oui","Non") -> Oui | G15: =IF(AND(F15="Oui",E15>=75),"Oui","Non") -> Oui | H15: 5 | I15: 11 | J15: 2026-09-29
A16: U_007 | B16: SQL | C16: Débutant | D16: En cours | E16: 58 | F16: =IF(E16>0,"Oui","Non") -> Oui | G16: =IF(AND(F16="Oui",E16>=75),"Oui","Non") -> Non | H16: 2 | I16: 5 | J16: 2026-10-02
A17: U_008 | B17: JavaScript | C17: Intermédiaire | D17: Terminé | E17: 84 | F17: =IF(E17>0,"Oui","Non") -> Oui | G17: =IF(AND(F17="Oui",E17>=75),"Oui","Non") -> Oui | H17: 6 | I17: 16 | J17: 2026-10-04
A18: U_009 | B18: Python | C18: Avancé | D18: En cours | E18: 91 | F18: =IF(E18>0,"Oui","Non") -> Oui | G18: =IF(AND(F18="Oui",E18>=75),"Oui","Non") -> Oui | H18: 8 | I18: 35 | J18: 2026-10-05
A19: U_007 | B19: JavaScript | C19: Débutant | D19: Terminé | E19: 77 | F19: =IF(E19>0,"Oui","Non") -> Oui | G19: =IF(AND(F19="Oui",E19>=75),"Oui","Non") -> Oui | H19: 7 | I19: 16 | J19: 2026-10-01
A20: U_010 | B20: SQL | C20: Intermédiaire | D20: En cours | E20: 89 | F20: =IF(E20>0,"Oui","Non") -> Oui | G20: =IF(AND(F20="Oui",E20>=75),"Oui","Non") -> Oui | H20: 4 | I20: 10 | J20: 2026-09-27
A21: U_002 | B21: JavaScript | C21: Avancé | D21: Terminé | E21: 86 | F21: =IF(E21>0,"Oui","Non") -> Oui | G21: =IF(AND(F21="Oui",E21>=75),"Oui","Non") -> Oui | H21: 8 | I21: 32 | J21: 2026-10-05 | K21: Doublon : la ligne la plus récente est gardée
A22: U_011 | B22: Python | C22: Débutant | D22: En cours | E22: 68 | F22: =IF(E22>0,"Oui","Non") -> Oui | G22: =IF(AND(F22="Oui",E22>=75),"Oui","Non") -> Non | H22: 5 | I22: 12 | J22: Manquante | K22: Date de dernière visite manquante
A23: U_012 | B23: JavaScript | C23: Débutant | D23: En pause | E23: 72 | F23: =IF(E23>0,"Oui","Non") -> Oui | G23: =IF(AND(F23="Oui",E23>=75),"Oui","Non") -> Non | H23: 3 | I23: 7 | J23: 2026-09-25
A26: Lignes écartées (non comptées dans les indicateurs)
A27: Apprenant | B27: Pôle | C27: Niveau | D27: Statut | E27: Note quiz (/100) | H27: Leçons terminées | I27: Exercices réalisés | J27: Dernière visite | K27: Raison
A28: U_002 | B28: JavaScript | C28: Avancé | D28: Terminé | E28: 125 | H28: 7 | I28: 28 | J28: 2026-10-01 | K28: Ancienne ligne en doublon, et note impossible (125/100)
